id,datetime,type,content,title,expiry
,24-Feb-24,Academic Notices,"Dear Students,

Please be informed that the final examination schedule for the current semester has been released. Exams will commence from [start date] and will continue until [end date]. The timetable, detailing the date, time, and venue for each examination, is now available on the college website and notice boards across campus. It is imperative that all students review the schedule carefully and make necessary arrangements to ensure their timely attendance. Any conflicts or concerns regarding the timetable should be addressed to the Examination Committee at the earliest convenience. We wish you the best of luck in your preparations and success in your exams.

Regards,
[Your College Name]
Examination Committee",Exam schedule,24-03-24
,24-Feb-24,Academic Notices,"Attention All Students,

Please take note of the following changes to the class timetable effective from [start date]. Due to unforeseen circumstances, adjustments have been made to the schedule to ensure the smooth functioning of academic activities. Changes include modifications in class timings, room allocations, and in some cases, faculty substitutions. It is imperative that you check the updated timetable, which is available on the college website and notice boards, to avoid any confusion or disruptions to your academic routine. We apologize for any inconvenience caused and appreciate your understanding and cooperation during this time of transition.

Sincerely,
[Your College Name]
Academic Affairs Department",Class timetable changes,24-03-24
,24-Feb-24,Academic Notices,"Dear Students,

We are pleased to announce the availability of scholarships and grants for the upcoming academic year. These opportunities are aimed at supporting students who demonstrate academic excellence, financial need, or exceptional talent in various fields. Eligible candidates are encouraged to apply by [application deadline]. Detailed information regarding the application process, eligibility criteria, and required documents can be found on the college website and notice boards. We encourage all interested students to seize this opportunity to alleviate their financial burden and further their educational pursuits. For any inquiries or assistance regarding the application process, please contact the Financial Aid Office.

Best Regards,
[Your College Name]
Financial Aid Office",Scholarships and grants,24-03-24
,24-Feb-24,Administrative Notices,"Dear Students,

Please be reminded of the upcoming fee payment deadlines for the [semester/year]. The fee payment for the current semester/year is due by [deadline date]. It is crucial to ensure timely payment to avoid any late fees or administrative penalties. Students who encounter difficulties in meeting the payment deadline are encouraged to contact the Bursar's Office to discuss available payment options or to arrange a payment plan. Failure to adhere to the payment deadline may result in the suspension of enrollment privileges and access to academic resources. We appreciate your cooperation in fulfilling your financial obligations promptly.

Sincerely,
[Your College Name]
Bursar's Office


",Fee payment deadlines,24-03-24
,24-Feb-24,Administrative Notices,"Dear College Community,As we strive to maintain a safe and organized campus environment, we would like to remind everyone of the parking rules and regulations in effect. Please adhere to the following guidelines:

Parking permits must be visibly displayed at all times while parked on campus.
Park only in designated parking areas. Parking in fire lanes, loading zones, or other restricted areas is strictly prohibited.
Vehicles must be parked within designated parking spaces, ensuring proper alignment and spacing.
Observe all signage and markings indicating parking restrictions, including reserved parking for faculty, staff, and visitors.
Overnight parking is not permitted without prior authorization from the Campus Security Office.
Illegally parked vehicles are subject to fines, towing, or other enforcement actions.
Your cooperation in complying with these regulations is essential to ensure the safety and convenience of all members of our college community. Thank you for your cooperation.",Parking rules and regulations,24-03-24
,24-Feb-24,Clubs and Societies Notices,"Dear Club and Society Members,We are excited to announce the meeting schedules for the upcoming month. Please take note of the following dates, times, and venues for your respective club or society meetings:

[Club/Society Name]: [Date], [Time], [Venue]
[Club/Society Name]: [Date], [Time], [Venue]
[Club/Society Name]: [Date], [Time], [Venue]
[Club/Society Name]: [Date], [Time], [Venue]
[Club/Society Name]: [Date], [Time], [Venue]
All members are encouraged to attend these meetings to participate in discussions, plan upcoming events, and contribute to the growth and success of our clubs and societies. For any inquiries or if you are unable to attend a meeting, please contact the respective club or society president.

We look forward to seeing you there!

Best Regards,
[Your College Name]
Clubs and Societies Coordinator",Meeting schedules,24-03-24
,24-Feb-24,Clubs and Societies Notices,"Attention All Students,We are thrilled to announce an exciting opportunity for career advancement. Several reputable companies will be conducting recruitment drives on campus in the coming weeks. This is your chance to interact with industry professionals, explore job opportunities, and kick-start your career journey.

Key Details:

Date: [Recruitment Drive Date]
Time: [Start Time] to [End Time]
Venue: [Location]
Participating Companies: [List of Companies]
Prepare your resumes and dress professionally for this event. Take advantage of this platform to showcase your skills, network with potential employers, and secure internships or full-time positions.

For more information and to view the list of participating companies, please visit the Career Services Office or check the college website.

Don't miss out on this invaluable opportunity to jumpstart your career!

Sincerely,
[Your College Name]
Career Services Office",Recruitment drives,24-03-24
